{
  "recomend_tech": [
    {
      "genre": "Мобильный телефон",
      "decade": "Работа с изображениями",
      "artists": ["Xiaomi 14 Note Pro"]
    },
    {
      "genre": "Мобильный телефон",
      "decade": "Личные задачи",
      "artists": ["Xiaomi 14 pro"]
    },
    {
      "genre": "Мобильный телефон",
      "decade": "Игры",
      "artists": ["Asus ZenFone 10"]
    },
    {
      "genre": "Мобильный телефон",
      "decade": "Офисные задачи",
      "artists": ["Samsung Galaxy S25 Ultra"]
    },
    {
      "genre": "Планшет",
      "decade": "Работа с изображениями",
      "artists": ["Apple Ipad 13"]
    },
    {
      "genre": "Планшет",
      "decade": "Личные задачи",
      "artists": ["Xiaomi Tab 8"]
    },
    {
      "genre": "Планшет",
      "decade": "Игры",
      "artists": ["Samsung Galaxy Tab 15"]
    },
    {
      "genre": "Планшет",
      "decade": "Офисные задачи",
      "artists": ["Samsung Galaxy Tab 15"]
    },
    {
      "genre": "Моноблок",
      "decade": "Работа с изображениями",
      "artists": ["SunWind Action AiO 21i"]
    },
    {
      "genre": "Моноблок",
      "decade": "Личные задачи",
      "artists": ["Digma PRO AiO 23i"]
    },
    {
      "genre": "Моноблок",
      "decade": "Игры",
      "artists": ["iRU Агат 313"]
    },
    {
      "genre": "Моноблок",
      "decade": "Офисные задачи",
      "artists": ["iRU Office 23IGLG"]
    },
    {
      "genre": "Стационарный ПК",
      "decade": "Работа с изображениями",
      "artists": ["Lenovo IdeaCentre 3 07ADA05"]
    },
    {
      "genre": "Стационарный ПК",
      "decade": "Личные задачи",
      "artists": ["HP 290 G4 MT Micro-Tower"]
    },
    {
      "genre": "Стационарный ПК",
      "decade": "Игры",
      "artists": ["MSI PRO DP21"]
    },
    {
      "genre": "Стационарный ПК",
      "decade": "Офисные задачи",
      "artists": ["DELL Vostro 3681 SFF"]
    },
    {
      "genre": "Ноутбук",
      "decade": "Работа с изображениями",
      "artists": ["Acer Nitro 5"]
    },
    {
      "genre": "Ноутбук",
      "decade": "Личные задачи",
      "artists": ["Acer Aspire 5"]
    },
    {
      "genre": "Ноутбук",
      "decade": "Игры",
      "artists": ["ASUS TUF Gaming FX505"]
    },
    {
      "genre": "Ноутбук",
      "decade": "Офисные задачи",
      "artists": ["HP 15"]
    }
  ]
}

